SQL> 
SQL> -- #1 [4 points]
SQL> SELECT member_id
  2  ,	    c.contact_id
  3  FROM   member m INNER JOIN contact c
  4  USING(member_id)
  5  ORDER BY 2;

 MEMBER                                                                         
     ID CONTACT_ID                                                              
------- ----------                                                              
   1001       1001                                                              
   1001       1002                                                              
   1002       1003                                                              
   1002       1004                                                              
   1003       1005                                                              
   1003       1006                                                              
   1003       1007                                                              
   1004       1008                                                              
   1005       1009                                                              
   1006       1010                                                              
   1007       1011                                                              
   1008       1012                                                              

12 rows selected.

SQL> 
SQL> SELECT contact_id
  2  ,	    a.address_id
  3  FROM   contact c INNER JOIN address a
  4  USING(contact_id)
  5  ORDER BY 2;

CONTACT_ID ADDRESS_ID                                                           
---------- ----------                                                           
      1001       1001                                                           
      1002       1002                                                           
      1003       1003                                                           
      1004       1004                                                           
      1005       1005                                                           
      1006       1006                                                           
      1007       1007                                                           
      1008       1008                                                           
      1009       1009                                                           
      1010       1010                                                           
      1011       1011                                                           
      1012       1012                                                           

12 rows selected.

SQL> 
SQL> SELECT address_id
  2  ,	    s.street_address_id
  3  FROM   address a INNER JOIN street_address s
  4  USING(address_id)
  5  ORDER BY 2;

ADDRESS_ID STREET_ADDRESS_ID                                                    
---------- -----------------                                                    
      1001              1001                                                    
      1002              1002                                                    
      1003              1003                                                    
      1004              1004                                                    
      1005              1005                                                    
      1006              1006                                                    
      1007              1007                                                    
      1008              1008                                                    
      1009              1009                                                    
      1010              1010                                                    
      1011              1011                                                    
      1012              1012                                                    

12 rows selected.

SQL> 
SQL> SELECT contact_id
  2  ,	    telepnone_id
  3  FROM   contact c INNER JOIN telephone t
  4  USING(contact_id)
  5  ORDER BY 2;
,      telepnone_id
       *
ERROR at line 2:
ORA-00904: "TELEPNONE_ID": invalid identifier 


SQL> 
SQL> -- #2 [2 points]
SQL> 
SQL> SELECT c.contact_id
  2  ,	    s.system_user_id
  3  FROM   contact c INNER JOIN system_user s
  4  on c.created_by = s.system_user_id;

CONTACT_ID SYSTEM_USER_ID                                                       
---------- --------------                                                       
      1001              2                                                       
      1002              2                                                       
      1003              2                                                       
      1004              2                                                       
      1005              2                                                       
      1006              2                                                       
      1007              2                                                       
      1008              1                                                       
      1009              1                                                       
      1010              1                                                       
      1011              1                                                       
      1012              1                                                       

12 rows selected.

SQL> 
SQL> SELECT c.contact_id
  2  ,	    s.system_user_id
  3  FROM   contact c INNER JOIN system_user s
  4  on c.last_updated_by = s.system_user_id;

CONTACT_ID SYSTEM_USER_ID                                                       
---------- --------------                                                       
      1001              2                                                       
      1002              2                                                       
      1003              2                                                       
      1004              2                                                       
      1005              2                                                       
      1006              2                                                       
      1007              2                                                       
      1008              1                                                       
      1009              1                                                       
      1010              1                                                       
      1011              1                                                       
      1012              1                                                       

12 rows selected.

SQL> 
SQL> 
SQL> -- #3 [2 points]
SQL> 
SQL> SELECT su1.system_user_id
  2  ,	    su1.created_by
  3  ,	    su2.system_user_id
  4  FROM   system_user su1 INNER JOIN system_user su2
  5  on su1.created_by = su2.system_user_id;

SYSTEM_USER_ID CREATED_BY SYSTEM_USER_ID                                        
-------------- ---------- --------------                                        
             1          1              1                                        
             2          1              1                                        
             3          1              1                                        
             4          1              1                                        

4 rows selected.

SQL> 
SQL> SELECT su1.system_user_id
  2  ,	    su1.last_updated_by
  3  ,	    su2.system_user_id
  4  FROM   system_user su1 INNER JOIN system_user su2
  5  on su1.last_updated_by = su2.system_user_id;

SYSTEM_USER_ID LAST_UPDATED_BY SYSTEM_USER_ID                                   
-------------- --------------- --------------                                   
             1               1              1                                   
             2               1              1                                   
             3               1              1                                   
             4               1              1                                   

4 rows selected.

SQL> 
SQL> -- #4 [2 points]
SQL> SELECT r.rental_id
  2  ,	    ri.rental_id
  3  ,	    ri.item_id
  4  ,	    i.item_id
  5  FROM   rental r JOIN rental_item ri
  6  on r.rental_id = ri.rental_id
  7  JOIN item i on i.item_id = ri.item_id;

 RENTAL_ID  RENTAL_ID    ITEM_ID    ITEM_ID                                     
---------- ---------- ---------- ----------                                     
      1001       1001       1002       1002                                     
      1001       1001       1004       1004                                     
      1001       1001       1005       1005                                     
      1002       1002       1016       1016                                     
      1002       1002       1021       1021                                     
      1003       1003       1019       1019                                     
      1004       1004       1014       1014                                     
      1005       1005       1007       1007                                     
      1005       1005       1001       1001                                     

9 rows selected.

SQL> 
SQL> 
SQL> spool off
